business_id,topic_1,topic_2,topic_3,topic_4
rBo_suDMdGmFQ0TtYg3b2Q,0.3241367274816091,0.3606442031308794,0.19110112086157408,0.30896024271058675
-L9TeQN_JgLBvqf9wmsBVQ,0.2997298389611188,0.3828474164061094,0.39367021787464623,0.4801954488256575
d8lmIZIqmBC9oPM8y1dc7Q,0.1276408607378065,0.3828843989645385,0.14549562089215476,0.1712804159752052
uqYB53z5GrtzJq8WHTF-xg,0.21706259367970082,0.29358458398052895,0.1618821428740026,0.29809064414606523
4X9tVVQHIewliXqaancfQA,0.06908308005138748,0.22196477391682062,0.24698757804553714,0.1211924421944402
MGYVtKoCsLnuy6iyEuVBgQ,0.3152808388142024,0.24996171426687863,0.3104288725154293,0.4430011743204515
dM_bvkmRli5sbvSik_uDMw,0.3716600203648375,0.33961921115805943,0.37476814683772103,0.4430406730886384
e9sB72njxz87r5TL6kG-Fw,0.2259807848622185,0.2064624206410334,0.1521701912394282,0.26754539010815215
R2gNwPARX31w68wjhuJ0zw,0.1781016972077396,0.45508381500728057,0.13352281304367897,0.16387479282666148
hggVnGwA5042-ABxqeJX-A,0.18379799859534013,0.2642417406428841,0.3790026520524528,0.39016160811043615
VwvIq1dyWje3j1i7lp-8sA,0.209516250054621,0.23884319414811983,0.37341240658731284,0.3486807411121941
8rtd2ZoeNMHjCQQnWuZ-bQ,0.18990242099482013,0.34873223987539514,0.36417886925191045,0.5982031942826029
2S6p5ICNswz_EdgcZk76qQ,0.3422342094808436,0.18425558092657693,0.1919546449026455,0.1867680532505168
i4l_Qr_zIz6PgyDktkf5dA,0.19630023012828113,0.30201254653623344,0.19983530500063915,0.42063077815456196
7wJmtqPXXfK3NB_E8oOUGg,0.5157565116942535,0.26897977461512096,0.37575229304962654,0.3643554412262794
tj1IM_2-ks08bk0JZP95DQ,0.1942254494926754,0.1435750168874766,0.18949387824712843,0.19262350497946387
TvxvsiidWhxS5Uhbp6830w,0.2512577392649291,0.27668622411045807,0.3325358345121866,0.3385539171051439
scLvLqVVIOWZbVT-exGjjg,0.37479530489723634,0.4679535354889153,0.3419460767433384,0.4755605253846077
eqLnu2upLynB4UGohc6KEQ,0.27440191199123415,0.2057742821942455,0.27510423279799906,0.32364286938257664
XZ3mhYC1L-0wK8N725I3Ig,0.21331716814032156,0.2695066723091256,0.4498508638180371,0.24600315068092232
as3TgTaCefJ-VL6Rn3GU6A,0.14132595858569694,0.22532935654456718,0.30366150474166176,0.4875597130013909
l_kefVF1frmC0xRW2YkvUA,0.22434556191985724,0.11706753930280095,0.15379177395426377,0.17135911805185486
0PKz4McHMpClZKzqbna4fw,0.15526638812689586,0.20443558152609076,0.24385433898593528,0.35163327639043235
LScYNYAA78iQL6pWOqt-WQ,0.3074676320123583,0.40534233570164807,1.1383714744733726,0.4813628954273717
zMnojW6x-1-nVu0uCd60Ew,0.2137649359326242,0.1732455903693089,0.1530179166606124,0.14698450055465648
FKOF8_OMvoPoDHOplDd7tQ,0.20339651763650818,0.27583348145186154,0.2873538026726327,0.33637854148166174
k-drEjxKmfqllwfY90STfA,0.26047627936165113,0.11862322525490221,0.16553263763175916,0.24868345172306752
L3qurOlAFpd9AJG4Ah_6Lw,0.5019940341681272,0.4353142504408529,0.6123042976673575,0.58945996933908
1_02wXxt7euom-9hWZeReA,0.3672892831148549,0.26572639733353076,0.13661725563538715,0.20937876986797577
Pl89wWmVYfBEnrFworAyig,0.17708836401383302,0.27367723045799974,0.22404939707668736,0.5122377935510635
VZQPYoK6l_vo5jwYgabJdQ,0.15551465286085336,0.19550823909463497,0.2630465258036838,0.4473972172630408
Cdk3wRR7TwJb1JW7agPJXw,0.16386061458931045,0.19679351003945958,0.18981425702016286,0.46444389842238015
rS39YnrhoXmPqHLzCBjeqw,0.13589572799990934,0.30022175058790035,0.14348007080318054,0.2775738902192906
hVLFDDA31wYm3Jjz3w74GA,0.18750100496473504,0.2177464891258582,0.20020220900484853,0.2665840640443221
PHhZy5zYULNF-oz-2Jz9KA,0.2215369593904056,0.16496399087030303,0.16498649382273028,0.3282240536693888
cFnumFhvgt_48p9v_EGl7g,0.42322857937463204,0.6410892509085555,0.344275236318428,0.49204370342683523
bivY4IG4zyvMakJ9UQdSdw,0.16529831353436414,0.28036024194925124,0.19628131386768388,0.32038657317340974
bgvm73MMjC2f5qo_RgXOXg,0.18498083319017508,0.24635343480755006,0.19495091635679196,0.44115595108346434
dmx8LX_V-vQbgBhFQPLl9A,0.13572550344036688,0.13050586999131325,0.24220556129437146,0.3427461457852244
VWMSLDPCvfqjw5DDHShQkA,0.40422516299050093,0.201258282083432,0.2439513838479493,0.37536840902559937
Hx6HNJfEGgllQ3-dyoNDbA,0.12564738682735177,0.1288550081307047,0.2176145980893096,0.36254333023447427
WItlLMrwWUbZhi7aSAzs2Q,0.16039312976538606,0.1235167968890807,0.26014452234783225,0.41493830091950085
8nmjvYX4N67cxOsGfbEgjg,0.24322310418416834,0.17839361725967284,0.275702806543391,0.16487691797742615
sJpl9ufYT87UWhtW-5UkmQ,0.23636280439866406,0.18684732025975317,0.22127249865990162,0.36964268387469823
5CtxJzh1dVC6AkWPzGvW2g,0.2886383394124945,0.4558955287448812,0.29071320328936745,0.20722485696076876
fzRxHv7XnnDqTmX25tVbJg,0.26904626141313204,0.21830340846489724,0.13133710100358698,0.08915739003259943
DRJzfAuSzgoBJeSuwfdPow,0.1948349395808826,0.1462263641842742,0.24782952475495404,0.21296793006922465
3dK3PIfmu09FFGi21QYPaA,0.17310451643811495,0.31909704580877774,0.30965341570844135,0.23924250051672755
rNoMSO6AsegKb9-p6Ir7SQ,0.2755814529526039,0.2419906674892602,0.24999492396884643,0.4131472772938643
gwd1W_0Mgzqo3QxgXrt16Q,0.25673006799987985,0.12036389225343606,0.2201204057209658,0.23756261864678443
OlOe-kVpXQOk9pUBpHBFsQ,0.27563871771426535,0.30029739262171556,0.28376313730058583,0.3111706719616694
ooQZTGrJhI5H5dW7kGsipw,0.5945153134392629,0.6097015930837361,0.5016065501602237,0.5086139648061185
tInrGCzll4k9hF34Ye1rvQ,0.16300208891634446,0.4405487032236201,0.23449048984291426,0.2355821854519886
b42EKdSk61zd_FEqEwioYQ,0.22586448338485451,0.4346378213256486,0.24172338313059735,0.1527137014032494
M4mNS2LZPjpzQyiJgL8znw,0.3094872879633472,0.310239620788176,0.25033888613617733,0.3032802593825922
ADgacmZ-qXrSOhMfU6bmTA,0.22532257449057905,0.1843912153401883,0.20424581798022007,0.16140675109232352
NFm869_w6cvVaWaNpAzjeA,0.32767047149874834,0.16015931567755767,0.16416252403465376,0.24954220333698932
SHFlELFcEcAOJv_fTAKChQ,0.1970007509543538,0.35060625427970993,0.123012309202121,0.16849286551208834
AuIiqDeL65kczmiFSkAWrA,0.21502607054738487,0.3245766668764971,0.20917423809119026,0.18145061306612803
LGOnnrjU50YtT066RP_J3g,0.2968618130799285,0.32588951522823706,0.2403579644661497,0.4374685106996299
3b14ebd1k9y7VJbp5hC0gg,0.20322465466906392,0.1229523267322934,0.2646354601086588,0.2664339666230946
D2ojX9bvE0_-aIj9BhdZZA,0.11570856746102633,0.2532491231212212,0.14856741827406336,0.4585072667288902
MTCyh5VqkKp1LIvfeI-TTg,0.18513106854215944,0.23973085462893423,0.17462631728864195,0.498121695273924
B2S7o3tImoCPrDVvJikVpw,0.29021719357092124,0.2935775748757346,0.3786199543457314,0.32298867307362716
0GS6_96ld7mdEfgKhoDliA,0.10679349578729919,0.36914906369464595,0.3095362813508211,0.11799935990967467
zLAjobZ6B_0tgJsB41FNuQ,0.31060276672648385,0.33213038992864596,0.4399644109382452,0.3033299324883039
l1bRQosRdqGemBnuQB5F6A,0.35944234454231294,0.31036081907286844,0.25383459599318736,0.4664923376692281
DjNdyATYYyHexZuUy54g2A,0.247295470523097,0.23874164270870163,0.22513249966959065,0.21614419117872413
rypyJ-Dzu21pejGkJaIrOQ,0.551466118951853,0.6784003593898007,0.4666800047500877,0.5353893119071689
uz8ISWdE0OSJBjArw4P4Og,0.32564981213265803,0.09338643419844204,0.1241449587470424,0.2705623314613043
ZCsvwa_dsqNB8d8tYHPdjw,0.25712435176393245,0.3260605870472833,0.29587750882707753,0.44209102441249354
kByQQ4yd7ZbA0MAQKmRVvg,0.1567606748370227,0.21979298089851393,0.4419653216885277,0.2033399031598072
YzMUZjUMcgI-NSGu48-nIQ,0.2571765244794675,0.22985023227732693,0.3470483168636672,0.2933118068553957
2j78b8m1w4Sr2GVGCzFBtQ,0.2519756136674944,0.22591217413436082,0.23374126483198993,0.2906188755776584
SXgVJz5aIvbeCXWvg0ZuNg,0.4518612964159556,0.14754680555494448,0.2849540177279215,0.38845014210711654
uGzxwS3Q6QuyFw2ZnDvw0w,0.3011153581857912,0.29156250333132944,0.2594158343632642,0.38513843951448684
Z_mJYg3vi8cPZHa1J4BALw,0.15805201014765619,0.18103917362323171,0.21973388123047513,0.5808897562884038
2kfXHEV-bx0nTp0MzLQgSA,0.3982229920070134,0.36778173615961696,0.384978426533997,0.3303894691162298
F5hWxFlXpidnq7_7DMU54g,0.5081060977329948,0.6026275087414733,0.549966118244706,0.6136722366808123
wUHPgIh-rJThxPvxHPlsjQ,0.3683459552527398,0.19148280515504312,0.17887836690278264,0.1880537558368029
myPHtskr6HHyjkiey9hCAg,0.773303377454747,0.34725537052382865,0.42774289105422053,0.3916800951274432
H9QvGwjFPnUULD0y8i7FkQ,0.2692690417634677,0.29155773276796965,0.29835928633843595,0.21013419733294547
Pk6A3Pqs6_qPLNevdADrDg,0.21253835672423346,0.26486509951295356,0.3218919623483521,0.35172848509652826
1hBmklxIBhw9nu9NjOTaQA,0.20739392118365718,0.21751464481044167,0.1854141852082574,0.218674503427985
CVbdCMprQf_J5TZSxa1rTA,0.21753978135501303,0.3415966879719023,0.2913804824010937,0.3613948422954963
JXj3X8RMmVikVZGSWmh7ww,0.32030043422751764,0.3531758489268209,0.5295319534886923,0.27589361838909904
3ma_7W3vZSD2fd6EosN3yQ,0.14471190472358866,0.37099018015437873,0.3279781157563941,0.26173239695492917
ne7lSA6lAOMYYs43kNTtPQ,0.17392009270991773,0.11089129537547905,0.1600432150221328,0.24603978468426144
WAZN1Q8oJFHlIUzxWduzfA,0.3939567653104397,0.35578334560506997,0.47696585709492,0.42375019561293004
iJpTpE9A8WDWvUlvUcFZuA,0.26622978893692656,0.3280699056879244,0.2740238868097252,0.1830299067519017
bcCBj67idzZMrjqbsyjEyQ,0.19568237252727969,0.16067310049137362,0.4176487839956617,0.33883113989393104
lxpGgLcJAGAlbaC1PnJ0xQ,0.2556000287104812,0.2644586579218139,0.3679129157310298,0.30594099104419137
ZBE-H_aUlicix_9vUGQPIQ,0.19996155037039776,0.23119457868284016,0.43099552381856476,0.18971761452257332
3prYLfbO9h30ozqdUCZ_6A,0.16236174871401352,0.2672824776188205,0.1825425170221456,0.2995640934315828
KhgWgCjLfHEHBOLP5G6QSQ,0.18128839011392386,0.17505672960472546,0.34645275346709153,0.2778617197713877
u30sGj_F4iNw9gCfjbpV-Q,0.45027712112168405,0.49416154894391034,0.47101784784267575,0.5505432374208019
ZCXjNG1EBFiKKMtR9DOTGg,0.29846506569444403,0.1603274122797378,0.16338732485561064,0.2796421740323274
6Hnf8Vk2BOuyDf11PZdvSw,0.33646300044379746,0.23306745604028112,0.29918960861898675,0.3188610467307881
WCqcYtJ4rUxA4bIzjOfzqg,0.2497414033339103,0.07609492471167231,0.2339978162478798,0.349358972173692
avTIDv9lJHiNcg3mcwTxqg,0.2619072415567513,0.36765966168903386,0.33344990288711873,0.2518666520638795
-8iwcXhLnyqbLgvcrJGgaw,0.13136125756988687,0.2067478216919829,0.4690919086779831,0.18030845260276118
0jMWCioUATOJgMpsPTyC7g,0.24182327843800308,0.20760345502368344,0.33719092060328854,0.4140040130527613
csf6o4VOiXk0oZaoyMiCww,0.2999533120254638,0.5374094247794445,0.33876098930261356,0.48676431131302994
ui8KERxCwlx8B5vWvpXxqg,0.4226296892228372,0.32137959069262045,0.4030747210226572,0.28138375152433265
_kzB_xsb9DHUPfXB0XfQGA,0.2543453400935719,0.23586472030396669,0.18342391914277736,0.21128720416488525
n-AQFKbW6MnpamdtA6ECpQ,0.3044227440551926,0.22317016310964582,0.2796095578920583,0.14181876371029056
b0n2D_Ry2WPo7XAV1Y1U0Q,0.19894692976239792,0.21980701386654972,0.39063980102961576,0.21915451341751208
M10n-ivjDkkdLaxIYNafFQ,0.2556195716247199,0.14847337622251086,0.24285870522972888,0.13575313464102434
4vDffQ7eSQ7n39cyroOSKQ,0.3578436468796321,0.1673216470803392,0.08760553741701403,0.21107381907783315
FTKxYJj7d5u3GiEHG5cQSQ,0.23063280606440736,0.09452888427339405,0.19205933926974345,0.2057289264377457
UzsXZoePcmt6RWo00qNNAw,0.16937561921486619,0.1996264514935131,0.1839121202402279,0.2493327447187056
GiTv0gFXtYFQAzCXnPvepQ,0.2301939203033653,0.30047208035398126,0.3090318050166428,0.2534254439982226
XPma1KatL8CYQ-Ym4TWvsg,0.16756762390011012,0.3001023918758159,0.3331753406579613,0.17273609214806246
XMrLwzmEAsfNpbKRC7vUzQ,0.1720869243327556,0.13070586663602937,0.2695489563808692,0.3465708446178531
ATMiPNPxN-g1ra7nar5prA,0.2432153917860699,0.46256808271925987,0.16964269165649468,0.18924370739000618
F1CCt2Gl6qpOB73mXi5anA,0.22984800160928667,0.245931321276179,0.19922059437163633,0.20020891289374823
QxKTm1nGBZhCxCmOGCZdkA,0.27063302663030386,0.31560977108484745,0.22346583905882406,0.5125265039095461
VeFqptSzekFAc3FZOpi81Q,0.404861066821189,0.2961272076679287,0.384079810466085,0.1836565789296501
5V9i2FuhQ3o8ynYwbubmQg,0.1755401729803421,0.3180046284426004,0.3216348869095703,0.19754232909876288
vMO8QkXzx-puoJDz09t5Pg,0.3288147384617081,0.2552887633289033,0.26011682005214604,0.21185075354256613
wQd7pL2NgKiBnVPaPmchIw,0.3338224996675028,0.3169972403598451,0.19345006113414487,0.36622102424261166
-8Oaw94x2pYJCVP8ZtuTTw,0.32886501524759193,0.14622076397525022,0.2609256025502341,0.19226157404418354
yufkwo_ZszA1QHJwcuyOWQ,0.19070613759828112,0.5209006724289738,0.34127096414248637,0.19403730285664453
v0ubf7h2E0OfwGGfkI1S4w,0.38028119254417636,0.26858797687902497,0.4482319180496129,0.4548063447910836
_a8vCw5cxt1vhN-HbgNGuw,0.25097634247602496,0.19079927282379552,0.13563928540756442,0.49408904482128285
fqMAnoS2sTokz6lqBSmoCw,0.2890792546319603,0.23664493430423555,0.08606025518255743,0.10477678874080855
L8qXp6Wh5zZt4BzllZPGNQ,0.3104441703725806,0.32383174691928746,0.3475935227996224,0.45602187974144814
QIcXq4Z3_2lvg9rmmoGF-A,0.391295876207409,0.13333394454733405,0.1784635642337445,0.1424954628873291
QH2OSulslnQ7Yn8Xs81SPg,0.36882953789017775,0.2984836067450772,0.18464847441364082,0.23705779414193667
9jM0wrm_GjJGw-XNdNrzPQ,0.12256019002872627,0.10112389518424948,0.31204708914777013,0.25393773140168174
wEhtqcfrhVbg4--3DNUSZw,0.15182572720542586,0.27058215648699396,0.25944888737339916,0.3744074754894537
-y-7ejoKDEJSbb0YKdPoxw,0.0,0.0,0.0,0.0
PmYZ85Nt3-kKe6iqFkImTw,0.5842935080951724,0.47887579762928817,0.43432508239722933,0.402196906024247
_GxLAJO1TgU7UKY9cMad9Q,0.22464570589449084,0.33634800213031313,0.1800370858584231,0.41053837952116545
GNIxpOWJcjx5pGN9IBgrYQ,0.13226990348332454,0.1654699959525973,0.23545145139441567,0.38162070651778374
bMIVYOyr0pOYHUDNsmSDwg,0.18375929907670127,0.20801978811762534,0.49628567203819834,0.21709531777034316
ap58HeA23IDv9KYk8evFXA,0.1895538094028149,0.20849583699476054,0.19114848165604237,0.35586777701944095
FEDJzSlA34EJ8ypqMWgVew,0.21719934989750106,0.16730121898948636,0.19603247376808314,0.532493875085863
F1odkZWmcXGylij8HjRq6Q,0.4678062960996803,0.4501898707112768,0.32897271943066675,0.39715289765478934
QvxBnMcBPP1z_NAIYCqqdA,0.282103598391902,0.20790762384817688,0.23893314114242073,0.14412573599518413
TJwMIZiGB2FA5bJvn444EA,0.15584323428880872,0.25204757908620085,0.2959710731965634,0.36026889021013536
UT22ExffDZjB1tzBDwSWfA,0.3289863939745114,0.175858535345933,0.22836470989736773,0.22829418456102563
zxsktAMsVBKj2PvvCV11UQ,0.3010999458577175,0.2672645795271793,0.30147593147174295,0.4113462277182636
LSv3e4b0Q5PNgNgRjo1uWA,0.6010981480560982,0.8445284819941159,0.43892896206796733,0.419609740938976
CV05rBOr5DdDGvxUZkRFmg,0.14607838374418763,0.4326042460561266,0.21215148784824062,0.2129218609404956
1czIVv2iyOHc3WMgtUWXCQ,0.4557144851979886,0.4116800011613952,0.3422752163629762,0.524094846119135
QWRiJfGyHnmJxPD_CfKetQ,0.23552141968788706,0.3150069447977411,0.5567347994031773,0.46378217390394233
8xTuXU5uZ85WF-ZGqDNv_w,0.24766689793131866,0.19692916465117305,0.248711104180178,0.349809396785269
EvWGuX0eqKcZvLRgtIFHZg,0.29440003979730495,0.38699549378981923,0.21432440181619672,0.2650996697125411
CrPm7Rby304RmpFgmIBdUQ,0.18181471116633363,0.24737662199767552,0.1696074483558014,0.25581596685249236
kRhjWeAPs-U5RmakIKz0Pg,0.19896515108931803,0.3318976203696955,0.6094160158812258,0.3689217831272456
SXQEYB5qR_y8LNQUsGKHhA,0.8736091170361259,0.3831093488310416,0.4886409271442441,0.6070210035842827
RNO7SRmfVi0CyXjtPhXELg,0.15944243909456998,0.3036798438265065,0.41569293030864546,0.44920985830159527
Y3vtXQz3zPc5AVyUAsAj5Q,0.1472710634764008,0.22593136433585911,0.40575269722084517,0.15407729481082558
ddxASRFYINPwPe5F9MqYzQ,0.3333756061901187,0.20082907460088928,0.2344042335831976,0.14876657310347174
g-BuoRJi5LOki0_rSWK2BA,0.34995189375209707,0.33785981836129225,0.42219900503705154,0.4400243827733838
MtSEQlqTj3Pup-wBY-dKfA,0.16824709397588603,0.23189068602632795,0.13691106074993262,0.12401087462682998
npWIa3dIPEV1MTaZNq6AUA,0.13519766822308998,0.26128640813381954,0.27475040005455437,0.38970577161605263
GzH105FGzXCd4mXTYBxghQ,0.2050232910263233,0.20432129648335415,0.3814693703947438,0.20851164998839034
yvNYymtQ_IOUowEb63c5hw,0.19135610255720067,0.17336773089986565,0.39250054315756083,0.07983775238977048
NMO1hExBvamoZ9RKEVNcYg,0.12681247329962977,0.1785069201200813,0.16963297690245227,0.2972047189970661
zllWgXyzGWhTG00FK0IUtw,0.30587794309825217,0.2826937801231394,0.24775350324266607,0.331726542281953
u0hZsa4CXeRDy2R4-dyJvg,0.19560334772768379,0.2929773060563565,0.3186590416525612,0.31620108543240305
5HGQHjavoTgcKHFa-x7r8A,0.21420958346094057,0.24281173873660541,0.3318071750564414,0.27099932179054487
ZBHXfX3vK-ck52UBEofV2w,0.1889463921764463,0.20191381683306106,0.2384154131388598,0.4132954830823454
C03ntpeOXOpuNz7ET9sxjw,0.24498023575418812,0.20701881439342973,0.4055819840496461,0.3153706975245113
cdkzUI1tXc8rUMF33iKMlg,0.2157570222967184,0.1590208625897584,0.18005900827293334,0.517793171783859
TMkTYhDMgDCuFwdDYIIoJA,0.16091720056233796,0.19671795817354476,0.1520541596402112,0.5337411959916782
Daasejc2-RV-MxEKpPjXtA,0.2256414062669568,0.40267418366927893,0.2456154101915961,0.17312871577696246
oyjkEn5fAqcGNsBbqc8LTw,0.1243248475462564,0.22710069115743392,0.17070572109368723,0.3555695064084862
csp7yhSDFkjdEKKGG7n6NA,0.16662975529080787,0.4541710823015185,0.24331238240903835,0.24935797316823508
zKacC3jzdl9MJLkczFI6qg,0.22451738708609742,0.3169642044796127,0.2097738019878072,0.21700456001025623
Abm-1HRGPyevBtnC3Rpxag,0.24609974280442007,0.08502413412172412,0.1905527925860597,0.2518963891245924
wArcCMVnrl_tc9MULW-0CQ,0.24597486706364005,0.2647088008649146,0.1458233478360803,0.2088090375924185
zX--4nk6LshQ3D79HPACxw,0.11959433001584094,0.41257545919369837,0.21161089441464534,0.2370763129292229
LUZ94dZpgCmBGyNH52S7lg,0.17367760422042625,0.09431818070719629,0.368759919033939,0.20468394539767248
-GWI_4FktOD7fwHW1DgZCA,0.26337399464738315,0.16401429387735522,0.21599952195604655,0.2687590602909134
MX-z-FLXinzHm_q3BfwNXA,0.46077106031709736,0.4867201354097128,0.45948187010120634,0.41688309691094433
8V1a1VW3L_xc6ZrjOfZBEg,0.2507293132907222,0.3288413172232114,0.22802256455930364,0.41424689035261597
iaxcPqixpOjUFxkfbx84AQ,0.1811341320095387,0.41001061807618,0.3549426565212471,0.21620935208781047
viuM2vdATRCxI-wqlBHytA,0.2554701875152242,0.25300212040715814,0.17428143148730482,0.31634370658137173
BiVA5GKSTYQ5_SNIaYg6oA,0.17929591707639705,0.4232376298505431,0.21813845383578773,0.18414040197025008
R07INx4j5GakCqwp9_QujQ,0.37626500331834545,0.3574735153469549,0.2422012039148377,0.5770117733533124
Qh8EERpaVfgYRCnvxCtk7g,0.2942102411121417,0.19744348750455987,0.2179648381661135,0.2063939144705469
FA-FJyVkMsgsLsoQWe4QFg,0.35169397820116655,0.45236720750158893,0.43680158974268823,0.5483660851355657
gU9_PUEdOOoBaSM49SRObg,0.4009805478474885,0.3436643047197752,0.4714203148242748,0.4003315325617594
H4E4sZ6PKBef65hU0GKi_g,0.131311233868555,0.27067864759079163,0.41280981385255366,0.32392842497016555
e6RmYNs6XV3feuDKzrxp4A,0.6060345818054665,0.6725572029573177,0.7370517410665699,0.46809696375129073
NAkuhaIe02ucJ34_BNvXYw,0.28371952423875624,0.28898772106939746,0.2892642061404828,0.3622009860960854
0rrSv3p1SngSYmyNEvWZVw,0.42080667860112336,0.3365507737032408,0.29515483224971933,0.4951631853477304
Uftnd7njdHNFxhz_6rpUrA,0.1783630119102421,0.3555436718665932,0.38709233557523626,0.20398126726355723
25YVFgR2pkt3u1f2fDBfnw,0.13815307115724842,0.33486518370863083,0.32086694517111347,0.22297069820568402
_2trMwFsh5-IqqEcQ-OLVA,0.14159187064947162,0.3814938640225111,0.21262151819913366,0.4230799140648392
DkS8Fwy5nsbOUlbU9sITLQ,0.30965262614105615,0.37466764864716545,0.19785068131055145,0.29593488057321377
sAXy1yJRLllTm5WrJbJGAA,0.25078660051262025,0.3948835429816043,0.309955520127299,0.3249419388324193
tI9k0Vqdx0EgNohUdSJCeg,0.17808201758351963,0.16025424416708867,0.2821854104848381,0.3574163755311495
5-kKBLxNF3kYcDVgZyRTmQ,0.2628363441813096,0.29914533870744403,0.41258361242419866,0.4880853811741474
I6Xa5eF9Jv9VM6ms_dkY8A,0.29885209128006407,0.18361826518107116,0.38104645403757165,0.4589735564870286
5hYLxV7F8HJPk3ZUkbXH8A,0.3089150046236693,0.15360830212182502,0.14105331978609278,0.3341477835180671
ZwYhFeyU7H8196rPQYmLUg,0.5803108017957452,0.7849739400612059,0.4064199052993294,0.4687205801957099
a5iI_Lwuprw1Yk-ug6oK5Q,0.273383660965236,0.2556047851888041,0.3607707784601355,0.2656960500587716
-sUf12Imjs68dBrmELiwzQ,0.1681743871348204,0.5213972913930814,0.1604126243560296,0.178654717264877
lDW17ZfA17a-5yg1vCK3wg,0.2715090843667553,0.2943233113339591,0.18860861928361589,0.2965971378082292
Y1B4tp8ZZzz_ISv16wkaNA,0.224791507840747,0.3428131227226084,0.5686452013194571,0.26014081960528906
wkZ6P5fDw0G_iFRU-hzBhQ,0.2642306214061715,0.5898288359149779,0.3125961909123675,0.18961172994903444
MGMFNqzpCnwKNDkqyyWBbg,0.2831611531585711,0.3293150724454455,0.26643167518685423,0.24990484526722512
GHBLPfbssjupzlhBfCoF3A,0.32493187567622034,0.261545762934751,0.2062512847018274,0.19955491408288978
79L6mkSIhTdBqooWwc0Wrw,0.344956037807916,0.33536306574767955,0.20320116539755004,0.26399590131569634
s-6Wl5AmE-vtZca2zk2hxg,0.3538390163807537,0.20463116392861028,0.4056034540809011,0.36402841171162925
fECudezmkuBipHcaDhbN9Q,0.26669774769604343,0.44951921292098607,0.22067409400600055,0.3257714790354612
VEx0mKvOqglRXiHU-PNV4A,0.42014081995150787,0.3051350987697907,0.418373341590792,0.212464616279957
n_rEQNgsCOLNfMzGqFhn1g,0.2659392506850745,0.22671317116861092,0.2912633232777307,0.20656826159096509
rmP7AzV3SAeRWUzbNuqQ5A,0.1494362899284488,0.23764798436136936,0.16745930318527052,0.41439306197302345
qnCvznXnG_9zOs4xr7nHFw,0.773390719773597,0.5918620850770042,0.5581609308966204,0.5315318330433398
VsEpjrGJu8RJhreGChT7Uw,0.45125790121982007,0.4675995335546594,0.6177229858042823,0.5147318271086092
XlOI0qLdQch7YDAs5A011Q,0.13884701238463779,0.41415898106780275,0.18488839706115337,0.32776996416459964
4xsgyzyQ5K50AMkc4CoZEA,0.5359565302831165,0.6592450437942058,0.47747240903761046,0.4014931857777926
I8DIq321Tkm-wi9z5gTv9A,0.2920514368793056,0.24240684544499025,0.20884310003222237,0.12998018984263718
hMR0tRJAlprbJL9iwRcO8w,0.3704713451431901,0.4843344205783129,0.36025830014821664,0.5236124582594396
0JVTJjcnk-hExVNwMqL8tQ,0.3689173616186044,0.33439185084667133,0.30486669624418794,0.24736928701908925
YAJzBGvqT3dT_qAg6u8E1A,0.29105854572818834,0.24441739411601887,0.3140501490637335,0.4045828241650854
_ruizXa-KyFO5mNA0p3nBA,0.3500850161706503,0.42545786944199415,0.5714312978523417,0.441837790010309
Ava9H-t4scVmP7u_onh7pg,0.2436002793164473,0.24811108422271344,0.42936316063416896,0.31859826102854755
1_jvFRQjcRVfd9LdOLvI8A,0.12154505725787147,0.1018240403358372,0.31464260515335185,0.24551742256352926
MkjEpBea6sArBdK8za8MIQ,0.18213720510654358,0.29560953230264075,0.387364541280761,0.34227477940010287
J76qDaF8iPl-8y2tYFhXbw,0.30772193727850417,0.28149877170505466,0.25345340438442904,0.36444200997666737
Z15a7_8FQ82_baSJiqMoIw,0.3083069816147307,0.17032253017177484,0.19150688256143034,0.2124373025955426
sPwgafejYVdf8hd4-oDYVg,0.39931283735022854,0.14067415846558645,0.1978464495494755,0.21619767834320006
pWD-7GmdEJWBWxEk8QMOGw,0.1598929114704697,0.18502763932452296,0.3708332773214537,0.2633745420670359
J4WxIqKaKSGNjtxTBPhLBQ,0.20679529823657664,0.1750301163371961,0.4764747341753539,0.39354173558305494
dhBAQJLKPCI7nm3x0WjXTw,0.4973846881038833,0.5303330481159216,0.4298553451539392,0.42364892681839894
PZngIVXHzqnqOS1E7HWGYg,0.5433484072732339,0.5422607596605037,0.37720893547463813,0.404823535419997
796J51vX9eu6BONfDBQMzw,0.22283009024042486,0.21089205410618908,0.21611234706803986,0.44089707056473426
NwWYSYGHFyHQMmsXu0SiYA,0.3531933074305521,0.23125232393427317,0.16201734489507943,0.11068520778114876
gXYevYIEOvyrmc7gd35qrg,1.1813312161739287,0.7421532545812786,0.5461662999810427,0.5167196144678792
C0envk3zOx6mtLzrDs8tvA,0.401898602392595,0.31463360514372457,0.4824586807437906,0.35951916077733076
B1imfnKRvcotaYacPGUrLQ,0.25316336616584256,0.282931152005688,0.5212274159426395,0.4686421791124061
QAHqplESgDUGgih45W9J-g,0.21232796926043931,0.20690600082070038,0.3192297725180396,0.456643953009705
PTY4VZixWNcszvKlMVw9YQ,0.13958607435256765,0.18112592671734115,0.37131297220937504,0.183559694722012
WPV0ucYjnb2HOrNxSopv6A,0.3034494288610995,0.2884508534033242,0.2875550921617948,0.41284294347520556
5PyqkF8zZbfgFDyAcLUehQ,0.2467061486798094,0.3498849009794385,0.26260887297150515,0.24557300080391037
AWaxaKm_YgTkxbW8kjsmdg,0.2750954133179719,0.3345977053010626,0.1565547668524744,0.3695692980243782
2KpyT9ZN2qtj1n3TX_bzYQ,0.19483690073447857,0.2317257276832038,0.3719832506184093,0.15866946359433415
K_tsB5Fl1hxcqMdH3uhHvQ,1.1958568872542408,0.6039276058058068,0.4739750692155347,0.3316558952460602
Lb0uZEH4nXcHCzu-7oVLLg,0.4916224812954271,0.3763785835025666,0.486468118147337,0.28916132334911776
vyexrAQSWvV_DyEBWrIBCg,0.3666827384201744,0.37288523563284703,0.3506447111963134,0.49887469436139736
xFUZ9dI-h0NHjjJv8P1uFw,0.5919705400369267,0.6420168928542149,0.5040845594890692,0.34472471678241584
V6VBg1sexfS2cX7yyPZmFQ,0.6866824405692227,0.6449714356887922,0.6506149710557925,0.7837885874324005
xRrHTt8LcWsGgZ7yQ6YSYQ,0.44671332887962706,0.6316632251998064,0.5958146592152904,0.4263684700868443
bXLaGCKzkQcA2hLT-JZQ1w,0.7572827694475287,0.5200929710974199,0.38619247882239144,0.4238524721176356
iyFS4twFjCKfaKl7kUl3sg,0.1571470268124276,0.20626045997812067,0.4119770336216248,0.15080855108523125
DQIZ35zW26988gl4q_fDHA,0.5737927749724784,0.6181622131554831,0.46010992682518637,0.3650520561791392
sphMzEIqY1I2Dzv3zLZY2g,0.22743751070564502,0.1897595063885511,0.36188867327822594,0.2742061863125066
qe1cIDQ0ofi7c0PFp7gPvw,0.27686866968740087,0.28749941418324837,0.25297146934215725,0.2651010059268382
GqfGoFMC3cn_AZI7iUOWKg,0.2718002144889392,0.13362031893640136,0.27132184139411175,0.16446084824206653
e79I3sSDUCrsfpKPvwnAsg,0.30658368730454033,0.2011491633338524,0.28849899780423366,0.4323029472419583
WNr5N1oDX9D9-xPn8U4kRg,0.1660354482668827,0.17446142888901064,0.23170833148829686,0.34241926441317383
vqG1Z2XpS_PryPsfY0CSng,0.20049151523959297,0.4747451733076477,0.18825705102460383,0.3070720644382196
kUPlKgW6OLRw8_rrYtBV3A,0.5561212060089986,0.5619943739268188,0.39847355034651893,0.48204032561758625
LpAdf_z1A9REhTQjr1B4cA,0.2591539147262579,0.23725113709720824,0.32034579065355706,0.2600604979613362
yWUBX9Pe6pzh1PjVj04UmQ,0.25024624489980624,0.34014476384416586,0.17060121556600916,0.30664193131793593
8Kj8djbAZHEDImwjlmvOJQ,0.3637248859679388,0.31529574484282563,0.5259100130753922,0.45357512181077875
sPwh9yiJYeyAN4CBq_tUYg,0.12377866953002016,0.33894087472957524,0.3563465625136674,0.15995553050806038
YXa0A7aXV9wWNR0qJVVSDg,0.3851844427760316,0.2904803351170889,0.1843570292415569,0.1846686053257088
yIxP32hWfZm5gyYUUh2WBA,0.19312993892209304,0.4626897954878221,0.20281266467323444,0.2891459261284338
di9rdjT71cYTlwKMYeVk0g,0.3548249150870013,0.3224233808641717,0.4961205101625496,0.25592308030329536
XBYrsKCn0fAgUO2AD7Lizg,0.3193726893286807,0.3010358894663314,0.427716933862846,0.23703135706964096
GrH7Kn4hYHdpuoKq_RLvYg,0.0,0.0,0.0,0.0
9yZPy1Vlr6W7J9tpLFubXA,0.5512252104349377,0.3166980319715329,0.861191899454141,0.3278594980766652
6BcIG-1lnc58bxTlxQq17A,0.14682986197077807,0.2084345852022053,0.21813298848502186,0.3533953496855271
zaLFPpm-t89qSDOaFVgwDQ,0.18098607122050095,0.15205463122471657,0.2467454257776522,0.13209015072778393
CpDjYQh3yCbDuH6idbGV1g,0.36743632354194167,0.3422966295669855,0.7372604008028444,0.4590916296368034
_0d-uqjdfeL23s2xgje4Pw,0.16490621707088635,0.35001471100874676,0.20566711996776899,0.2760524320572029
OMEbwr0Aybw_wnqvno-6zQ,0.13699593446999409,0.16303959316497935,0.1522344011971616,0.33561629287476347
10c6sIFdsH3g51VooGRwAA,0.21755715560597097,0.15186214713209525,0.44453411352326505,0.30180980703489263
RGK23CEkDfYHWtUbRhA-bQ,0.5537412593301103,0.4210979392249601,0.6092857365265268,0.4809713007479788
tshN5rYRrzanHu4ZiwCVrA,0.17483739278510618,0.32551429922673325,0.17854004885634966,0.369918645930533
l3jXlEDlVfKj_ECpU7tobA,0.3250237523255682,0.18082645338447056,0.18999542613636938,0.19631816741316108
-5L8zOxibac-vBrsYtxXbQ,0.2630895992248841,0.32502560708305056,0.3433223743858285,0.2748126916023925
8CnhJoJZjs0p96kN5LwKDQ,0.2961590631816159,0.5237001971012278,0.4516241955284026,0.42358219645738343
_UCTo0560t8IyOq7TwJIUw,0.31650317064192807,0.4651589066437288,0.38118455488617525,0.4109914366625854
BNtQD_aXWOA_Ip99grNMLw,0.15111469921012138,0.26538609523640283,0.3492881868550545,0.13491981988709098
aK99fvGIg1N3QY2JeoUM2g,0.6876067132010373,0.9200315535827364,0.6236805866922205,0.5233567465472385
Q1L_Nb1QsD0S9pbng5-kMQ,0.2276756867274794,0.14270095738229535,0.22773704426705726,0.3786608095855904
Avf-PGE8lkDY1jkRSUZErw,0.19619909580713468,0.23134315120738771,0.6140788737459965,0.239299092245107
NS8ECwXYwxy3WT2y2BYGBA,0.3079251500018038,0.22526336734226565,0.11247580364212753,0.2178741922683284
9S7RUjzkdpU4MDxUxkvLvg,0.1726594956491395,0.18504681309402504,0.29826663421808286,0.15848355384083457
kCTA6XeITFE1-e_YkbFL2A,0.0,0.0,0.0,0.0
ireHTdAh1d4lmGiieMfV_A,0.1552612272348509,0.47799042860285906,0.16853916614713524,0.197367897944358
bNWW_GHLF4M9Pmao4nxpeg,0.5656401353373789,0.2919303670090349,0.3070262057593465,0.3148226470741396
9wgtfID8mrrd0-oeDpq7Hw,0.3464096742773667,0.3194666379804121,0.39425179373317987,0.42719276684305196
c24ZZshnU3sKqHQF8K_7Yg,0.20468004980662233,0.3014872844497745,0.37870666882112347,0.44199406069775476
t8hwPi9M_jD6u81cVIgRFA,0.32720203519059665,0.22034469058348796,0.1797915481850505,0.42349381219533383
SDMRxmcKPNt1AHPBKqO64Q,0.23205688273263733,0.2946716717582344,0.29534277505726453,0.23560668833153775
E0vZWNBWe-LwdECQFIjnug,0.14419555674661444,0.20463749575296405,0.13909200782885242,0.19851683611962642
TLqA84CZi0T02XMnNe6GJg,0.18564651362137138,0.37606702717849944,0.5308653137214422,0.1624132398919801
gOOdzjVxP7Z7bGjsstRjcw,0.23525473177201253,0.24942185759582292,0.4402099244982587,0.15485098235168682
Ad6MuVLFW4PlFZ4cAEnfwQ,0.0,0.0,0.0,0.0
Oz90Z2HDQOTrAHdFhFUZ_g,0.6906261778873636,0.6134207871276701,0.3969924756907526,0.36394563128242136
ApAzthiFRKuL-yJo1HMFvQ,0.22567813284646254,0.1797128389400671,0.3566382272602764,0.26744694702973276
ewaHMKX-W0zatENPv2oQRg,0.3038987440376665,0.24936310386488347,0.2990877923399643,0.21431957186799652
iXH73faCXa6UdLAKMe-vGQ,0.3355188302350935,0.18296379000659382,0.20559349407418978,0.22199859902302604
QG9hp2nhcglAIat88yH6aw,0.22860679950210294,0.307509153095618,0.4592052600072309,0.3141395471152171
LymQXYNAomFUGOA-4llkhQ,0.38068146026281613,0.24276368143073213,0.22256065526006602,0.3152518208675175
IeK0nzbMPbWnUBIPB83v6A,0.21024872561399313,0.369510313046066,0.4095454370763334,0.32732349810039485
qnsqf81chWm3KndLt9KUTA,0.39627121097226103,0.21593928767821563,0.1841585749968699,0.17314860286415715
OshRlnBMt5r5UNThEdxMRA,0.8273253809647454,0.5344621698090556,0.5407929812299259,0.5994490509703769
8rIDfnWHSo-K0Xb9Y1gjrA,0.2683942370406638,0.22584270297767803,0.2300675808440239,0.19262197734152509
vNllp243LmFMVO0MNyhM1A,0.35592209991759716,0.20414713707697116,0.14584948312792445,0.19872856522104357
7qhPK-ubBkYRv0Qs9sd4kw,0.2392516413310661,0.27895894156270595,0.18052430641036055,0.49304058038498133
MMs2BKvQau-kSl-kmNRcAw,0.21456409886648956,0.24935858810702607,0.20980285568858462,0.28230654721639237
sDhOeNki2qY5l4WFuZs_Zw,0.34617655884965276,0.3329944167463809,0.33384944044955617,0.3032613349249524
31acLzszeCCpeXmyAnoTdg,0.23562150199607043,0.44786841416078454,0.3594018024825076,0.4179638960623207
Y84fM25GsIWfS7E0dMIKDQ,0.2860760553612224,0.2098944164558667,0.3146723926859051,0.5172385676376453
CA9DW-u62WT8Ds2ZDUvNNw,0.2020955785832585,0.20566845656109276,0.25013063320887974,0.34897992722702154
gGt00WW8sNY2Sop7jYa7Tw,0.33031783337819415,0.1595109125047488,0.22319493670580529,0.2687281996484295
vsGoYMRvBYss3x9fn-jDzQ,0.16501196436703672,0.24587767536402835,0.3157470213940483,0.28374445406509796
8QYNyzxEl2Qy9zXvkjAJXA,0.8169869400361132,0.7505521677099374,0.5610830593986086,0.49762862206013436
aA4AkefTWdLm94rgf6lUUA,0.5499969068626661,0.6263503796826723,0.852828273190768,0.43698764070789087
lHYevQRxHXGDDdTI0Fml8Q,0.0,0.0,0.0,0.0
DBxS04vNEd42NquQcAIMXA,0.22953952564113098,0.3031022064120916,0.23339753219438733,0.36884685685228913
gfhWUixZ4MmEAC1DtTsodA,0.24958748865424843,0.33744618629064355,0.4718821990522197,0.26837868404133075
EHhI07dgKDyMcGIRbz7YNA,0.3585850409167261,0.3202367175714282,0.3619423149050982,0.3452073869727849
ebwM2pckHieHvK6h1scuBw,0.1440067906706591,0.3186322787724919,0.17012815952405738,0.17744287042869106
7hsi2ob7wOORBj5Pa2199Q,0.22322637635979684,0.2533230517632525,0.36388443012848,0.23679295428992755
AOfdk12tqKEcXZBQ0HvG_Q,0.40324601171867386,0.27870000705299536,0.21835529389547761,0.389975422092032
MYnD-mEnOXNqrfIT2GeZqA,0.16199008555954258,0.2582505855089766,0.1840759237508013,0.3954546596737036
yZwuB_xo-N843Nx5sRP1QQ,0.2597990280340259,0.18976620294184587,0.46719587988673383,0.2515984750890686
0DaSqjKtm8JJEv2nmL4cgw,0.444801981405559,0.24835041945046052,0.21835100086951598,0.08729901397511988
pKX8dGwgogydrBupj6HGLg,0.14495620562750397,0.16934923699480967,0.2830060862623597,0.26533250054023727
cAyi1WEvty4vckQJ3YU1RA,0.29483438061956385,0.2650656810300492,0.2785881888462744,0.3507180992101813
WxtjFPaPK1WGBHGQhq2bBA,0.18387042158452646,0.21745948158545889,0.38372925386913953,0.43475513043710795
p9MW6KPWpdFy0lZGvo55Qw,0.9196564958872776,0.3645868585533933,0.5349618845119162,0.3282504555347467
ZdFl7MqnF09dcifG1j7l_w,0.3640876688345059,0.16272890220774483,0.19926057352204898,0.1599446045066506
9k-q8w2MsVuc1KcpwKZ2Hw,1.1536599439099284,0.6275319000704452,0.739343615936892,0.49705704985678906
f2sChoHFfQh3cE77hSB-ag,0.31329063539252106,0.23222896631431184,0.2585158363594903,0.2298656813791123
lBf_TcBWS7XF-TA4qT8MgQ,0.26190090510015956,0.23059442949979544,0.44086988143414146,0.3075622812598415
tI_CdRQ-532FFZbqvuMH4w,0.22985075610132696,0.32923898002087343,0.28872349880086584,0.2760726215364374
VsPoQeCRYYHQrj9jbiLmtA,0.20618264563994168,0.21236333115462966,0.22032811827775953,0.5971241291440958
ICUCAzUZFiWkYs7iCtNCQg,0.17084379211234163,0.17916801277978653,0.368859685475164,0.2590286705624685
YSlOaBx9U9S2RF0kf_CHsQ,0.5340684746636378,0.41725479943944,0.4269238779793814,0.6343808695615295
s7lZ-_yylRPRXOxFYtQkCQ,0.6742878201972181,0.5619858719898511,0.5169035796436316,0.5916470220210974
aET2kncA1LUKSL3OtKixFw,0.38322416741646687,0.4493945163592474,0.40232371300547226,0.38117914890440857
yxLVwItd1Wnhy6SeUUcNYA,0.4254900900920084,0.1724645425391804,0.21798822838079412,0.3417065080329246
WyKJkdw7PEZD1I0qtPN17w,1.2598171143554533,0.5446543333362035,0.3860233347790679,0.38232964731536717
-WvZ8KTqgRnEvhRwzc-bvA,0.4210104034463738,0.34638877778753213,0.3170230903789634,0.2527208329419412
1H-iDMc4d3IeYvOflXTOXw,0.6095115680772603,0.5103858748093584,0.4062479661583075,0.5606425928503078
gxy5B_IhNpRFqobsffO0Tw,0.6922291095778538,0.4782760468765242,0.48771789171036595,0.4594197122115888
mkow7OZ2PZSUjhQ3x3SVbg,0.3358539776114697,0.28821716570106337,0.350740047766951,0.3533703317988003
2hUENHFcBIqop8-uWvrf6A,0.2623044631133227,0.20100951259151262,0.4620381363612952,0.2746513643871321
Axf_3mlM19ox-VjmN3KZYw,0.6339734084531914,0.5781400438781124,0.5691631749682075,0.4584768515308273
KBGoTNvOoV3ixc8zaaMHnw,0.2099130230712451,0.2901169259930464,0.2022108139427837,0.36379302178258194
fepCIbejv-Kxs6SE6u-_uA,0.24695948174487997,0.26484347672278924,0.35501966281520225,0.34845517875847937
8ZRoI8xX4TxW_0Eu1fX2ww,0.0,0.0,0.0,0.0
wRsnNyh6P6aIoUvAZTAqYA,0.7215354123349832,0.6653024839935876,0.5694466111154232,0.45835745365681935
ZirBQMRrUeLd_wX_LaEHOw,0.7179104096713905,0.4262793429245251,0.43940153168535667,0.37300654762806357
38KvDTPLbEwSNNX4f-33Ew,0.19000586235214517,0.21579050389605403,0.32018982715663785,0.4613215116304025
bpn28b5LAiEdqvz8Et9-5g,0.3505793391340451,0.25935466065071305,0.40295038311781906,0.3136818944544779
pWLt6ID1HiMOp9QLNeuvIQ,0.2236750415939051,0.3866893358272666,0.3109604797404554,0.3951362080713101
lW0HqE9Ysf2nxb7D5WGBNA,0.0,0.0,0.0,0.0
5t3KVdMnFgAYmSl1wYLhmA,1.1861924008561053,0.6397998055671783,0.5025872508652509,0.2335828767630279
1INcoGMv9-Dk-S6Au0TMgQ,0.4098555055751607,0.44312193823730545,0.4401857891285088,0.31607984957191887
tvXOFflGUCGSSzcxrpVBsA,0.2679681018112182,0.30598125348632166,0.2872102541626203,0.4474152547835815
t8V_P7ZzRrhDQoqeoGVahQ,0.20036710159736554,0.20024786083103194,0.2776133324062595,0.29469511296749795
ykNux6Q2Fpo4iCNi93aHdQ,0.3368350819435324,0.37197334585404274,0.5755314714457869,0.34410381097188814
FSB3Jb4t11KkMyEi_7-s6Q,0.20077374293459338,0.184497550334837,0.17254529333310098,0.45565371379250263
3rlp1xCKSxF1-wGTyMxCZw,0.24135274259718045,0.4987100314506793,0.31822400867702244,0.31205915155841407
DoFncC-PMPmv1Lf6tTb9QQ,0.4059965460941701,0.21808960633557758,0.3446612138474662,0.2153884778569634
DrgGy-Kr2I67Lr2qq_ANbA,0.5197875003310396,0.6474886350970182,0.6147775487121294,0.48929527398699824
i_LXVizmHQJlXB9pW841ZQ,0.0,0.0,0.0,0.0
9thRmIgyPiTOhUiYkmbYDg,0.0,0.0,0.0,0.0
rCMWUkhQ3phhBUlXevrkfg,0.2471901282136778,0.45956319069072743,0.49266108671773734,0.37208618588086395
BDTIaZHqgBbV1aqlh1l_Vg,0.13282069698763393,0.20965914927698487,0.25876961213138217,0.33359769373909354
S5c9C4BxutxPwpwYm5Aexw,0.6641373102600043,0.5120587013967101,0.4570384735940228,0.3755613574110609
zCbE30HpvUtVliqP5ycX9g,0.34669949720423726,0.45428783689041907,0.43801553934260584,0.5535098914313984
hsbtcqamJjmL6ASCAWnQVw,0.5349114486001781,0.30681185522307014,0.3856515774169055,0.3531435820232649
u2NsBZp8Se_65rs6ydI0NQ,0.177496202309946,0.4156280918774826,0.34556396235371795,0.30454957285652146
HTtzkGwQ1jPP2m4os-mAyA,0.32169516604233717,0.25106198783291606,0.34579022927171316,0.2232572011316771
QUwzjNeegM1543YLphMb9w,0.18993043149686664,0.23068276327074727,0.26523984705367226,0.20459131244851347
_-OBx0-ReIMrPOmaReB8-Q,1.0132946110880627,0.7976537146309678,0.5581320763375953,0.46589573495073966
fPmPROBqVT8-D-aTc6VBEQ,0.6012610385759166,0.7156863917079767,0.4555165214557689,0.41661049524345894
o0Y5O_D8RQCx0NEwqPjASQ,0.2151704787046028,0.3680787228656675,0.2609634432057317,0.2352578631268028
YusEQe7E7UakN21E1EKFzQ,0.0,0.0,0.0,0.0
CmjPjJ69ayDAtBJrT-nUTw,0.5050353147735568,0.6207848351974261,0.6812469064337198,0.6180168703593942
Buko5LgWKnOen39NcoKHdQ,0.2495426353256521,0.33609495479160567,0.506494068873928,0.24124227435441037
zQydbmG0HmZnrbu6SGiDcw,0.0,0.0,0.0,0.0
8hkRhWdnSWQswxHHQb5x9g,0.246689259772109,0.20507819019661458,0.18463653182866704,0.3135356450681583
cr84hpeFeas6N6VGV7Iu3A,0.17303783002577058,0.3057589456159254,0.3100001822355173,0.21302663214725856
rZpESBojl8dTTWp6EwlEBQ,0.8719548960981214,0.7286330757720217,0.4291966368998078,0.4668525368158951
aoD4WdDTiGzRIu8vV98kiA,0.0,0.0,0.0,0.0
qVVjbYR0LIfJuIIzgPMTuw,0.1741570108611929,0.30577924108420684,0.38308411419595345,0.2824911528350695
DhDRYIBykdfZqpz7L-hdpQ,0.6376449995341259,0.5737805094289463,0.5410452048428273,0.4053881088989556
ngjl1kOSXpdP38gZHCGY5Q,0.4359019313515378,0.3071336640691725,0.6503930692090086,0.6183987321156106
61GpnJGtPC7X1gSCkBbnHw,0.19671029887763344,0.30991012020207576,0.26707638465413386,0.3021098657699789
AYjoB5yF6q6lfGZ_gFXT5A,0.5056245057067015,0.41460699874541707,0.38301643943614044,0.42885775933393616
i4EMu1nCDfgF6CB0MKOUzw,0.20123663303247963,0.4105334093328493,0.22937468975901812,0.27380311064508067
ZA4TMCw5FOT8u1BmIltvgg,0.2622696039816626,0.6478466090747336,0.46583356372662693,0.4037408651789499
yBmDNVdEzW1ARUXYlKACIw,0.27118727430395534,0.5250202421782988,0.4463746277245571,0.45721045096168955
QR8_Ma63hQS90QfIearKaA,0.3509491438280216,0.3169668463532233,0.4261367609741714,0.46057984587701484
azG7UDKXgSo938c2m27cZQ,0.0,0.0,0.0,0.0
tnQdyQZSNpjue1XsOEnISQ,0.5561365470720551,0.3373369653370614,0.3072233498536761,0.3997410270497358
uejutOD4_-IUaY5cKkpezg,0.18909780500072776,0.3071361142056193,0.1889686709353107,0.2920764698385623
NdFGDtipvlRqs8sGBOpwPw,0.47968753556856397,0.4182269056314686,0.46210166354974336,0.39173767164065404
I4c6K29bATfpMaM6uViLRQ,0.30430540795896527,0.35061425571946614,0.23686780324999457,0.29920793486409797
HfagQNcFAdexV3ZdifSWQw,0.0,0.0,0.0,0.0
-i9CozOnsWOl5eLj66602Q,0.0,0.0,0.0,0.0
l-HGrLblZ5HkagtjKqHYXg,0.15991487335381827,0.20785832868982612,0.3832775492541433,0.2345080780883114
OsS2vShy3aCxtsNSO0pDbg,0.633804824451015,0.6722198302724759,0.8814096505239523,0.39685569456682634
4O5YJJz4Tq51UcrTLT-7sw,0.398390609626638,0.35577562849356775,0.36196025428086737,0.3525675180685546
mH0ORatxOdgPPs4ZOmikHQ,0.2917874073894186,0.17167688161888686,0.2397364270535904,0.3232534101844673
ySEX_WXPLpKrmXfZOth4Bw,0.2798275823486378,0.2779914614896718,0.3427787325138664,0.376914912846984
rLyJUCwMM1POt7RnFnSASg,0.3479730841324163,0.2609506570176677,0.3000174634671774,0.3242702678153301
ZdqiRrUik1GWAcMWb2iBdw,0.3341873856043119,0.29071991215657395,0.3260751655918626,0.5417487318503688
6KCv5NSfBI159wW4QT0Y0w,0.36602326860342704,0.2891810837151778,0.35153383995838144,0.5732609011840812
RZir-47R_ggOuUWuc2AiNw,0.6843130941143892,0.7811037554426139,0.6357596477373673,0.4322226502524127
BmQk1ziIyRTBa3N8QmztsA,0.3570658208047854,0.4015143495127365,0.3079815724931565,0.48579410453402944
lPZ6RQ_jj9xlhvLEB3c4Wg,0.4110723499691774,0.22349147667030875,0.1965692462845505,0.15860375641801905
8wu9H09ZNWGyb_PBW63yrA,0.7176691969620103,0.7242149137252438,0.6365489914163142,0.6259176236111567
IErUZGwq_vF5gP6imdhpdw,0.0,0.0,0.0,0.0
WdDlenhQo60aRRlzlNbZ6g,0.0,0.0,0.0,0.0
bw6AhxxK7ol4AbNIWV_pDQ,0.0,0.0,0.0,0.0
rv0-ZcAbWkvpomaK0BhQrA,0.6719968272066081,0.7048050641976553,0.6387800456084343,0.4300085901386998
c3MRaD-kBCpOvtv4lnUecw,0.16155649038386632,0.2584523706546246,0.23592801081626721,0.39126109742037724
G7QGwPZjCVmvcEsC3ARoYg,0.5658160579570145,0.8878402885995104,0.6307807323902688,0.5685159142215834
oiqHwFKmXmsSsnUHWUbacw,0.0,0.0,0.0,0.0
rA0GXKkrUOle4KGdYfjiPA,0.31338858149314064,0.3778887034371908,0.3018109924316973,0.791844623945007
xgqV-EAOOQJ0L_I-K6nXMg,0.4280008105666539,0.5083931021036227,0.3739927092470135,0.3384238641448218
JygJa_-IIaZj3iZBpYE-sA,0.5596415717789027,0.529283330879441,0.5510187694675939,0.43540342189706294
zPUjrM223oSulvRRhpkAmQ,0.6618253121986017,0.5474158149937465,0.6063125780051533,0.6246114618162053
DtNxNpyxy2ctvxpg-LCS_w,0.5965655035803294,0.5775102162675089,0.4213064922383622,0.35167942513705697
wPbb5uHvFQlQeanz14xrEA,0.0,0.0,0.0,0.0
Y1YfmqsJWhuJBFGKzHpqjg,0.3530590486426588,0.5542564124729212,0.39266752011644185,0.42373892789172335
Hvef33jY8uu6YB5Mvi5BgQ,0.0,0.0,0.0,0.0
Wt3cjmErqMHtxuHV_6PzOA,0.0,0.0,0.0,0.0
2X_ayXUF23dzjNVD4vlvQg,0.0,0.0,0.0,0.0
7GGnf6a8PkHg8niFWeLn5g,0.36515510760129316,0.46839297461826646,0.33935154290622277,0.5621388345875062
Aw3YYxmIbt-LTtjrNWouHA,0.502406483226807,0.42936274515719725,0.4109594963533638,0.30351630479035124
bcTwvbD5wfMSgSO-YczLYw,0.27373642169878426,0.3336673366426419,0.31917950229258557,0.4847832488170234
iDwv7sbU6roz0I3Q_GRzAQ,0.0,0.0,0.0,0.0
FrfzI901uS2bU2kgUkqaVw,0.18577820213739318,0.46181803668246896,0.3287939574873933,0.3263500721971253
fHN2vxGJYpxELmdzADhksA,0.3243828911969926,0.22920803362713732,0.5111501828015159,0.49261469363553195
lwOuoY4YW1j9zl0RWIIP4A,0.0,0.0,0.0,0.0
tMlVZWa4SsI01qYMRQerKg,0.297414366775358,0.27730509643782386,0.5104656562182294,0.36987714938635446
u632XAPn08Rot9Ru9BoFNA,0.4737862458262371,0.5122200305781939,0.450026080848902,0.3787912379796934
BrIcv08KT34u_wl6iZ5oLQ,0.5552722936620083,0.5472267561921782,0.4318968662639436,0.430922048893467
q0Gl0LAnPOG4rHuKSHRNLA,0.0,0.0,0.0,0.0
1VM4RVa2l6OYFhtUM9jwFw,0.4158543908474394,0.3774754561848646,0.30672635999876396,0.3230994900796195
LdhprCGxa0inFo5P812EIg,0.36996928086654035,0.33656553974878417,0.3197641019059885,0.3655538971699738
vVZ_4oNhCVuH8Tfr_uro9Q,0.6405874757899274,0.5199285873316992,0.4510295422369232,0.4514415689280744
2yPA4LfSizfZj9mcPiowWg,0.7645359562216765,0.7083790041301163,0.4746096379666125,0.36987696871279774
Y_WNd6vSY55dti7mJoqvBA,0.9373435878510448,0.7651936983137402,0.46773427648919824,0.5229249459327816
1rFy8c2Pv4sDb-fcf3FMFQ,0.28328622135954956,0.29625164495200507,0.2486751258938076,0.435949475682418
03PFBPPksc-wOljPy47daQ,0.0,0.0,0.0,0.0
6Ef2Ovnj-DLsXzUQyG2b7w,0.5516743255569545,0.4236537990860049,0.3756693011030151,0.3998043423755329
tyWShmboVP-S0hVXSNUhDQ,0.5744343411489276,0.6226432661291623,0.47351322638563936,0.4955081965601051
NKRFdM_LW1Nyhit_lMq4pg,0.2648659879566903,0.397947492988884,0.3678102953798062,0.5056973538641383
LXXI1I9WHLjDatyteZCsYA,0.23677045124067328,0.23519564314205596,0.4180686377581726,0.19143555925797714
QDV3745fzJfIwctZ-92cFg,0.30088845182344576,0.3749368757252916,0.6616935933119181,0.3553634437328237
tJYjKlkuy6xG1vx_9NgjSw,0.0,0.0,0.0,0.0
M1PRy7Hh0M948_9CX2z6Bg,0.3049356840344504,0.3286197386787667,0.2784868991297279,0.4160450989156079
OhcNR81DiJI9ajhk2oBtnA,0.2645818191789438,0.3771827997959931,0.4428776997110353,0.33853131709212525
G8XgwAr9Ex39SI-DUFZRSw,0.24154616843333052,0.38489840818389076,0.25374943646410497,0.4270831747143319
HsOoxQvWuRecqEt1_jrfyg,0.25230662829956035,0.2730891756285116,0.4530789847596385,0.31630165417088174
BS7PU7REvJZ7hVSHA6z8wQ,0.0,0.0,0.0,0.0
w0ucHqKjiLcUKOicN9Mp8A,0.48023271634868825,0.5453268805045174,0.6850347056862756,0.4626463796534824
doZyB_LzE5gjc-jqaGsfyQ,1.2437069123669087,0.5205436094098206,0.5013759705309905,0.445827975525386
CjpHNIcWqOhCCyT1XbMbOA,0.37251319432557184,0.5906060829622382,0.6984135349719461,0.5324774769741917
K4ibWLIMnbqwLzVkAlHFzA,0.0,0.0,0.0,0.0
1a9LZNq6qtfzIr24ERDhzw,0.3727650020128132,0.4791477493732382,0.3286357712596433,0.40177522578607644
WZ8SqpOwBdLHXfRuj6xKsQ,0.4607025349847466,0.5780887374223453,0.3461715809821426,0.26949551811443556
G59Wxm8eicbgOBxdZhxhVQ,0.5456224592253822,0.31263085747469305,0.3571848970484403,0.36451360594188087
PHhVmDYtI5Urtpd4hOKKiQ,0.2990771980456107,0.3864829697105542,0.3551084921028131,0.37072952112542734
nynYSv9x6VM3_j8uMolkoQ,0.0,0.0,0.0,0.0
Y1kXjWwEhQvtk6e7tXiXXg,0.30318016533647313,0.31479700363103624,0.2945771389293606,0.4406705121310612
yt0PCCJN9hUsZhB210rsOg,0.0,0.0,0.0,0.0
dwAPMrdLwSn1KCsJzz_oLA,0.23496707053397595,0.1832110142608735,0.3914600570081374,0.18223180540615305
iPziapwjmIMF7n8UDNC-dg,0.4408710586577273,0.3680111037508639,0.4775320186138319,0.5713731560505354
CyKsmdixwdmqYPXzzSkU6Q,0.0,0.0,0.0,0.0
_CNaTMwLHHfQ6eIC_eYpgQ,0.0,0.0,0.0,0.0
FhwytOHcfsnYM4p1rInjZQ,0.4899829878756247,0.46123030044170116,0.432098639023202,0.4802134873381637
ICqeMnKHCj1LDboz8nyWnQ,0.0,0.0,0.0,0.0
S7JAMTags6lWb2Q3Nd2IKA,0.0,0.0,0.0,0.0
JrJ9xYFhrIx2z6CEfAjYQw,0.3777065519094662,0.27429211115382196,0.23295161245013166,0.3108497486945541
g6QPEH9DcbxrQjZAckNMkA,0.16959462106853362,0.28538491218483425,0.22359192265270902,0.3083910007693785
fPXMByr2I_g0VNtM6brAjw,0.0,0.0,0.0,0.0
xRVIv9-6y4aGE-kxdUK9BA,0.0,0.0,0.0,0.0
Zsz_dLOEwihJHvMTK9a8Vg,0.0,0.0,0.0,0.0
mikaCujT2MtuoGdUTkp-Ow,0.0,0.0,0.0,0.0
_ABVTPkUnbCWgBmakmKXMw,0.705611153134909,0.6555611588271462,0.42441539857711874,0.3456833537306462
rMikuQOUEuig1yrJzNjTog,0.3098720188279391,0.40500435363583637,0.4437232863194151,0.5225698720846568
m7MOE1YjGBkC76EpIbjCfw,0.0,0.0,0.0,0.0
rcmyfx3bQu4OZEffmr-10A,0.0,0.0,0.0,0.0
YgiHFWqqOZS5IjmEcVuIuA,0.7031814428934604,0.5078491272658737,0.584496445513401,0.3957523495335442
CfeI-Qy1KzQV4vAdvLNY7g,0.7010895313289348,0.5902121685286464,0.576302700189846,0.45123502204725713
dEWd47EsnyObTAubP_jjig,0.3630566091821707,0.43839739694296187,0.5794950024777418,0.34168718988965857
yIkLz1fz7wrrEb1fhoH6Uw,0.0,0.0,0.0,0.0
KlGdXeCfbb1VF0EYJLVCYA,0.0,0.0,0.0,0.0
6ZdqWWWGGM3cBMxPuUpXEQ,0.0,0.0,0.0,0.0
EAt4rIjErbsz97lh7f0r_Q,0.47160673132076086,0.4352513814240252,0.38912691048956966,0.4495426760796802
QrpTPjyOQVNXpT2WKQBDYQ,0.4299217076514285,0.3704053671211669,0.4793027365619371,0.3935479378429185
JK_G7V50kXXVFO756pMNtg,0.35547407715296425,0.5288224582168737,0.840668702703572,0.33358210304756286
YUqejVW1bj_gjJbMvOEusQ,0.0,0.0,0.0,0.0
33Z7_ZfUWM3MlFEdnamKgA,0.0,0.0,0.0,0.0
2IG3Exu5sCRPeopeqn8hEQ,0.0,0.0,0.0,0.0
YtL8KEZFrfIsH8tVD1SwCg,0.0,0.0,0.0,0.0
Lyz1JKChjanwGXLJM_zqYA,0.27965954755969236,0.5642222100269778,0.5179478390639295,0.41726075035029586
JZGObzUxfOsotOkp1pecdQ,0.6795309742949833,0.5756719988559533,0.5120551450206045,0.3290185032381232
8urzIDhe73N3NQ8slm1Ngg,1.4348910376078539,0.556809216649915,0.44751352284835766,0.652781805297373
VbyTDmFOChklMV48kfAlWg,0.0,0.0,0.0,0.0
5Day_lf10DyvKk9tmKqjRA,0.0,0.0,0.0,0.0
l9tFVg7r7QXuLnCywMQl7Q,0.0,0.0,0.0,0.0
EpHt7fp2KiXfScYlUHF8SQ,0.0,0.0,0.0,0.0
LzdOYqO4Ip0OU6r8V5sz6w,0.6579392387179186,0.5675170902485732,0.5091403379352333,0.44587382490154026
MPyi2cMt-TU4Q5spGwseOQ,0.0,0.0,0.0,0.0
LstSAbRd5NRZ6HkmlSd30Q,0.535233419484412,0.3911705891620675,0.5851835991353428,0.49485185931703235
5POL1en508Y9zVD8TW5lvQ,0.0,0.0,0.0,0.0
m_JrQBdsGWC22IKitUUAAw,0.42451759001894446,0.3950074702167564,0.29041411458994715,0.2855090331085301
J1qZlZSuBvMzQGL_zhgYEQ,0.7990208101764908,0.8947142384673599,0.5360914652531205,0.6481583991076695
oRo3HhzwQIqiUFxg-SClPg,0.0,0.0,0.0,0.0
ytGKbV7hRC6RkExo1NItEA,0.0,0.0,0.0,0.0
GhtU72F7z39RFOfpeoqVRQ,1.0171422305356075,0.561610259580876,0.5680608224089334,0.4551594127045496
hLGh8kFPs-5mwB971AJ0FQ,0.0,0.0,0.0,0.0
4I8-0DMV-UJvMFM_Zs_Y6g,0.0,0.0,0.0,0.0
SUaEbsKFSo33idJzQ9Dfjw,0.7489014724891618,0.8958787094143005,0.7858443463019321,0.5739944787452511
pel5oJrZ4AT6xTv0L1wy7Q,0.0,0.0,0.0,0.0
1BA2oRodZxFPZCfF-3gPKg,0.3415979702596075,0.4173939668501253,0.37521601238904495,0.32779485821107396
o2ddliVoWpPzRvXMqoshUA,0.0,0.0,0.0,0.0
_sUPPLcw7U1FrNSQ0_r6zg,0.5628590999517653,0.47472387587246523,0.5371810780438143,0.3872921486868558
EhHzL8w3iR4YpO8w6ig0Sw,0.9266822648792878,0.5768018741559449,0.5869870683547769,0.4249450042873727
QUXSmYIDvpN7_E5BkrA0Mg,0.0,0.0,0.0,0.0
cXCLIvD481-w4Y6JG1SKtA,0.7509440343041733,0.8304995137470127,0.6532890153343557,0.5225689871725527
0BN5tCLfEqGrMHZpwz3gsA,0.0,0.0,0.0,0.0
Lq0GU5roR4uBuHW4RC44iQ,0.19547237608834128,0.21065455246606354,0.2199902051200399,0.3955286803325186
unZejbqN7f5K2zFDhoW66g,0.0,0.0,0.0,0.0
MLGug8sDqdwtZOdhpNYiEg,0.0,0.0,0.0,0.0
1XVWGkcFPvTJV0_q6xX5eA,0.25837591457208026,0.3265746460762123,0.4932929429282373,0.3376441879135322
kbNXYS9HljjLf-X8WaaCCg,0.9590694697192566,0.5592611052716551,0.5787310359894113,0.5024429260964788
SvHsyi0raKxQio16sYjbPg,0.0,0.0,0.0,0.0
2XRf0CAR_FnK1-VTeUAdrA,0.0,0.0,0.0,0.0
lzBoQ2_xkUjkJhTTxnWF8g,0.0,0.0,0.0,0.0
AQxjW8_mI00VraTCarE5jg,0.0,0.0,0.0,0.0
H--ZetukzfZ8AO5968iJ5g,0.0,0.0,0.0,0.0
S9QkaFZ-64t8KpWvC5m4lA,0.33992050141454916,0.34751788645263554,0.4254666109918243,0.39387360705463037
m-vEAjFVdjX73KHFvT32dw,0.0,0.0,0.0,0.0
a29LXaQHLGM61-RVjmoAhg,0.0,0.0,0.0,0.0
ulDxltMssBpGIEkC_A5j3Q,0.0,0.0,0.0,0.0
9M_wg9XWjdiqAp2-RPf4Lw,0.0,0.0,0.0,0.0
7lHaBzoBjXOUYQTB9DoMSg,0.0,0.0,0.0,0.0
om4t1hDJRQqTRS9VT7ADhA,0.23055451389844764,0.3911875585900722,0.29429292931141665,0.329507013531144
J7rSp6a3NBMeUqaqzlvSpA,0.0,0.0,0.0,0.0
XHrdHR8lPP6VKQVnMUdlhw,0.0,0.0,0.0,0.0
kxDMvdpuatJJLKVgg19Z1Q,0.0,0.0,0.0,0.0
rxglJ4Lz6ZIkBrAMb_HGMQ,0.0,0.0,0.0,0.0
gPYGUo0GwOawY-sfmwQlqQ,0.0,0.0,0.0,0.0
Err-UlwpMFaCIQ4mAVxmzQ,0.5021190107580985,0.5204500673967498,0.5351394750691664,0.5690255364289565
88jOXax58gScdaRdZZy9zQ,0.8940049989234078,0.7131326796791603,0.4115175895155243,0.5040572456336753
SsaMUITDxiXycdYPok9miw,0.8602262929623606,0.4993561330714854,0.606002742432971,0.5478422504484102
M-AvKB7yDY_3BpqsP_bHZQ,0.0,0.0,0.0,0.0
gxp7xzZbgeVODFBSkcq9rA,0.0,0.0,0.0,0.0
1Sz2RD2iBYqxvY-6WQRcQg,0.0,0.0,0.0,0.0
p_xOFDTjobDoe4kAM7Ws7g,0.0,0.0,0.0,0.0
TrUdxm3a7H_lkiAhEeeBWA,0.0,0.0,0.0,0.0
cydzZL5xw01hmSY1hU-sRQ,0.0,0.0,0.0,0.0
z6pbQxRfnorpDOHkekrRiw,0.0,0.0,0.0,0.0
FQtgz9okanZTIPDMmCkniQ,0.0,0.0,0.0,0.0
JcKtLW936yeF4kf765hmjQ,0.0,0.0,0.0,0.0
ggd0cEaHFeKfOHgKZ2Qg4w,0.0,0.0,0.0,0.0
nQ1fElcsEUxkaIm3sKt_2Q,0.0,0.0,0.0,0.0
E8m4QMVVxhMb2UTGVYg1rw,0.0,0.0,0.0,0.0
NpRTgLWWVjSiPJzqGsyF3w,0.0,0.0,0.0,0.0
RbR28XwaA6QP0zy6q7lHhw,0.0,0.0,0.0,0.0
7oDeEPH9xXCOsxRs3m3xAg,0.0,0.0,0.0,0.0
lyXpYbQ_5hOsemVTP1WLbA,0.0,0.0,0.0,0.0
dHLkczYVVrBCWqv1xUj9kg,0.0,0.0,0.0,0.0
SboER2EUYLgggY2ZdT7E5A,0.0,0.0,0.0,0.0
cz6BqzzzcgO7FoWGzbQgcg,0.0,0.0,0.0,0.0
